Property;Value;
Standardversion;"https://data.gov.ru/metodicheskie-rekomendacii-po-publikacii-otkrytyh-dannyh-versiya-30";
Id;613;
Identifier;"7705021556-culturesafeboundary";
Title;"Границы зон охраны объектов культурного наследия";
Description;"Границы зон охраны объектов культурного наследия, расположенные в пределах установленных границ города Москвы";
CategoryId;5;
CategoryCaption;"Культура";
CreatorId;7;
Creator;"Департамент культурного наследия города Москвы";
Format;"JSON";
VersionNumber;"3.142";
Valid;"information not found";
Modified;"11.10.2021";
Provenance;"Выпуск релиза";
ProvenanceEng;"Update Release";
Subject;["культура","культурное наследие","памятники архитектуры","памятник","наследие","наследия","охрана объектов"];
Structure;"https://apidata.mos.ru/v1/datasets/7705021556-granitsy-zon-ohrany-obektov-kulturnogo-naslediya/structure-20160115(vs3).json";
Publisher;[{"FIO":"Мескова Екатерина Николаевна","Email":"MeskovaEN@mos.ru","Phone":"(495) 951-90-18"}];
Created;"01.02.2013";
Data;[{"VersionNumber":3,"ReleaseNumber":142,"Source":"http://data.mos.ru/opendata/download/613/3/142","Created":"11.10.2021","Provenance":"Выпуск релиза","Valid":null,"Structure":"https://apidata.mos.ru/v1/datasets/7705021556-granitsy-zon-ohrany-obektov-kulturnogo-naslediya/structure-20211011(vs3).json"},{"VersionNumber":3,"ReleaseNumber":141,"Source":"http://data.mos.ru/opendata/download/613/3/141","Created":"04.10.2021","Provenance":"Выпуск релиза","Valid":null,"Structure":"https://apidata.mos.ru/v1/datasets/7705021556-granitsy-zon-ohrany-obektov-kulturnogo-naslediya/structure-20211004(vs3).json"},{"VersionNumber":3,"ReleaseNumber":140,"Source":"http://data.mos.ru/opendata/download/613/3/140","Created":"28.09.2021","Provenance":"Выпуск релиза","Valid":null,"Structure":"https://apidata.mos.ru/v1/datasets/7705021556-granitsy-zon-ohrany-obektov-kulturnogo-naslediya/structure-20210928(vs3).json"},{"VersionNumber":3,"ReleaseNumber":139,"Source":"http://data.mos.ru/opendata/download/613/3/139","Created":"17.09.2021","Provenance":"Выпуск релиза","Valid":null,"Structure":"https://apidata.mos.ru/v1/datasets/7705021556-granitsy-zon-ohrany-obektov-kulturnogo-naslediya/structure-20210917(vs3).json"},{"VersionNumber":3,"ReleaseNumber":138,"Source":"http://data.mos.ru/opendata/download/613/3/138","Created":"06.09.2021","Provenance":"Выпуск релиза","Valid":null,"Structure":"https://apidata.mos.ru/v1/datasets/7705021556-granitsy-zon-ohrany-obektov-kulturnogo-naslediya/structure-20210906(vs3).json"},{"VersionNumber":3,"ReleaseNumber":137,"Source":"http://data.mos.ru/opendata/download/613/3/137","Created":"30.08.2021","Provenance":"Выпуск релиза","Valid":null,"Structure":"https://apidata.mos.ru/v1/datasets/7705021556-granitsy-zon-ohrany-obektov-kulturnogo-naslediya/structure-20210830(vs3).json"},{"VersionNumber":3,"ReleaseNumber":136,"Source":"http://data.mos.ru/opendata/download/613/3/136","Created":"23.08.2021","Provenance":"Выпуск релиза","Valid":null,"Structure":"https://apidata.mos.ru/v1/datasets/7705021556-granitsy-zon-ohrany-obektov-kulturnogo-naslediya/structure-20210823(vs3).json"},{"VersionNumber":3,"ReleaseNumber":135,"Source":"http://data.mos.ru/opendata/download/613/3/135","Created":"16.08.2021","Provenance":"Выпуск релиза","Valid":null,"Structure":"https://apidata.mos.ru/v1/datasets/7705021556-granitsy-zon-ohrany-obektov-kulturnogo-naslediya/structure-20210816(vs3).json"},{"VersionNumber":3,"ReleaseNumber":134,"Source":"http://data.mos.ru/opendata/download/613/3/134","Created":"11.08.2021","Provenance":"Выпуск релиза","Valid":null,"Structure":"https://apidata.mos.ru/v1/datasets/7705021556-granitsy-zon-ohrany-obektov-kulturnogo-naslediya/structure-20210811(vs3).json"},{"VersionNumber":3,"ReleaseNumber":133,"Source":"http://data.mos.ru/opendata/download/613/3/133","Created":"05.08.2021","Provenance":"Выпуск релиза","Valid":null,"Structure":"https://apidata.mos.ru/v1/datasets/7705021556-granitsy-zon-ohrany-obektov-kulturnogo-naslediya/structure-20210805(vs3).json"},{"VersionNumber":3,"ReleaseNumber":132,"Source":"http://data.mos.ru/opendata/download/613/3/132","Created":"30.07.2021","Provenance":"Выпуск релиза","Valid":null,"Structure":"https://apidata.mos.ru/v1/datasets/7705021556-granitsy-zon-ohrany-obektov-kulturnogo-naslediya/structure-20210730(vs3).json"},{"VersionNumber":3,"ReleaseNumber":131,"Source":"http://data.mos.ru/opendata/download/613/3/131","Created":"16.07.2021","Provenance":"Выпуск релиза","Valid":null,"Structure":"https://apidata.mos.ru/v1/datasets/7705021556-granitsy-zon-ohrany-obektov-kulturnogo-naslediya/structure-20210716(vs3).json"},{"VersionNumber":3,"ReleaseNumber":130,"Source":"http://data.mos.ru/opendata/download/613/3/130","Created":"09.07.2021","Provenance":"Выпуск релиза","Valid":null,"Structure":"https://apidata.mos.ru/v1/datasets/7705021556-granitsy-zon-ohrany-obektov-kulturnogo-naslediya/structure-20210709(vs3).json"},{"VersionNumber":3,"ReleaseNumber":129,"Source":"http://data.mos.ru/opendata/download/613/3/129","Created":"02.07.2021","Provenance":"Выпуск релиза","Valid":null,"Structure":"https://apidata.mos.ru/v1/datasets/7705021556-granitsy-zon-ohrany-obektov-kulturnogo-naslediya/structure-20210702(vs3).json"},{"VersionNumber":3,"ReleaseNumber":128,"Source":"http://data.mos.ru/opendata/download/613/3/128","Created":"24.06.2021","Provenance":"Выпуск релиза","Valid":null,"Structure":"https://apidata.mos.ru/v1/datasets/7705021556-granitsy-zon-ohrany-obektov-kulturnogo-naslediya/structure-20210624(vs3).json"},{"VersionNumber":3,"ReleaseNumber":127,"Source":"http://data.mos.ru/opendata/download/613/3/127","Created":"24.06.2021","Provenance":"Выпуск релиза","Valid":null,"Structure":"https://apidata.mos.ru/v1/datasets/7705021556-granitsy-zon-ohrany-obektov-kulturnogo-naslediya/structure-20210624(vs3).json"},{"VersionNumber":3,"ReleaseNumber":126,"Source":"http://data.mos.ru/opendata/download/613/3/126","Created":"24.06.2021","Provenance":"Выпуск релиза","Valid":null,"Structure":"https://apidata.mos.ru/v1/datasets/7705021556-granitsy-zon-ohrany-obektov-kulturnogo-naslediya/structure-20210624(vs3).json"},{"VersionNumber":3,"ReleaseNumber":125,"Source":"http://data.mos.ru/opendata/download/613/3/125","Created":"07.06.2021","Provenance":"Выпуск релиза","Valid":null,"Structure":"https://apidata.mos.ru/v1/datasets/7705021556-granitsy-zon-ohrany-obektov-kulturnogo-naslediya/structure-20210607(vs3).json"},{"VersionNumber":3,"ReleaseNumber":124,"Source":"http://data.mos.ru/opendata/download/613/3/124","Created":"31.05.2021","Provenance":"Выпуск релиза","Valid":null,"Structure":"https://apidata.mos.ru/v1/datasets/7705021556-granitsy-zon-ohrany-obektov-kulturnogo-naslediya/structure-20210531(vs3).json"},{"VersionNumber":3,"ReleaseNumber":123,"Source":"http://data.mos.ru/opendata/download/613/3/123","Created":"24.05.2021","Provenance":"Выпуск релиза","Valid":null,"Structure":"https://apidata.mos.ru/v1/datasets/7705021556-granitsy-zon-ohrany-obektov-kulturnogo-naslediya/structure-20210524(vs3).json"},{"VersionNumber":3,"ReleaseNumber":122,"Source":"http://data.mos.ru/opendata/download/613/3/122","Created":"11.05.2021","Provenance":"Выпуск релиза","Valid":null,"Structure":"https://apidata.mos.ru/v1/datasets/7705021556-granitsy-zon-ohrany-obektov-kulturnogo-naslediya/structure-20210511(vs3).json"},{"VersionNumber":3,"ReleaseNumber":121,"Source":"http://data.mos.ru/opendata/download/613/3/121","Created":"27.04.2021","Provenance":"Выпуск релиза","Valid":null,"Structure":"https://apidata.mos.ru/v1/datasets/7705021556-granitsy-zon-ohrany-obektov-kulturnogo-naslediya/structure-20210427(vs3).json"},{"VersionNumber":3,"ReleaseNumber":120,"Source":"http://data.mos.ru/opendata/download/613/3/120","Created":"19.04.2021","Provenance":"Выпуск релиза","Valid":null,"Structure":"https://apidata.mos.ru/v1/datasets/7705021556-granitsy-zon-ohrany-obektov-kulturnogo-naslediya/structure-20210419(vs3).json"},{"VersionNumber":3,"ReleaseNumber":119,"Source":"http://data.mos.ru/opendata/download/613/3/119","Created":"12.04.2021","Provenance":"Выпуск релиза","Valid":null,"Structure":"https://apidata.mos.ru/v1/datasets/7705021556-granitsy-zon-ohrany-obektov-kulturnogo-naslediya/structure-20210412(vs3).json"},{"VersionNumber":3,"ReleaseNumber":118,"Source":"http://data.mos.ru/opendata/download/613/3/118","Created":"05.04.2021","Provenance":"Выпуск релиза","Valid":null,"Structure":"https://apidata.mos.ru/v1/datasets/7705021556-granitsy-zon-ohrany-obektov-kulturnogo-naslediya/structure-20210405(vs3).json"},{"VersionNumber":3,"ReleaseNumber":117,"Source":"http://data.mos.ru/opendata/download/613/3/117","Created":"25.03.2021","Provenance":"Выпуск релиза","Valid":null,"Structure":"https://apidata.mos.ru/v1/datasets/7705021556-granitsy-zon-ohrany-obektov-kulturnogo-naslediya/structure-20210325(vs3).json"},{"VersionNumber":3,"ReleaseNumber":116,"Source":"http://data.mos.ru/opendata/download/613/3/116","Created":"19.03.2021","Provenance":"Выпуск релиза","Valid":null,"Structure":"https://apidata.mos.ru/v1/datasets/7705021556-granitsy-zon-ohrany-obektov-kulturnogo-naslediya/structure-20210319(vs3).json"},{"VersionNumber":3,"ReleaseNumber":115,"Source":"http://data.mos.ru/opendata/download/613/3/115","Created":"11.03.2021","Provenance":"Выпуск релиза","Valid":null,"Structure":"https://apidata.mos.ru/v1/datasets/7705021556-granitsy-zon-ohrany-obektov-kulturnogo-naslediya/structure-20210311(vs3).json"},{"VersionNumber":3,"ReleaseNumber":114,"Source":"http://data.mos.ru/opendata/download/613/3/114","Created":"05.03.2021","Provenance":"Выпуск релиза","Valid":null,"Structure":"https://apidata.mos.ru/v1/datasets/7705021556-granitsy-zon-ohrany-obektov-kulturnogo-naslediya/structure-20210305(vs3).json"},{"VersionNumber":3,"ReleaseNumber":113,"Source":"http://data.mos.ru/opendata/download/613/3/113","Created":"25.02.2021","Provenance":"Выпуск релиза","Valid":"11.03.2021","Structure":"https://apidata.mos.ru/v1/datasets/7705021556-granitsy-zon-ohrany-obektov-kulturnogo-naslediya/structure-20210225(vs3).json"},{"VersionNumber":3,"ReleaseNumber":112,"Source":"http://data.mos.ru/opendata/download/613/3/112","Created":"28.01.2021","Provenance":"Выпуск релиза","Valid":"11.02.2021","Structure":"https://apidata.mos.ru/v1/datasets/7705021556-granitsy-zon-ohrany-obektov-kulturnogo-naslediya/structure-20210128(vs3).json"},{"VersionNumber":3,"ReleaseNumber":111,"Source":"http://data.mos.ru/opendata/download/613/3/111","Created":"18.01.2021","Provenance":"Выпуск релиза","Valid":"01.02.2021","Structure":"https://apidata.mos.ru/v1/datasets/7705021556-granitsy-zon-ohrany-obektov-kulturnogo-naslediya/structure-20210118(vs3).json"},{"VersionNumber":3,"ReleaseNumber":110,"Source":"http://data.mos.ru/opendata/download/613/3/110","Created":"12.01.2021","Provenance":"Выпуск релиза","Valid":"26.01.2021","Structure":"https://apidata.mos.ru/v1/datasets/7705021556-granitsy-zon-ohrany-obektov-kulturnogo-naslediya/structure-20210112(vs3).json"},{"VersionNumber":3,"ReleaseNumber":109,"Source":"http://data.mos.ru/opendata/download/613/3/109","Created":"24.12.2020","Provenance":"Выпуск релиза","Valid":"07.01.2021","Structure":"https://apidata.mos.ru/v1/datasets/7705021556-granitsy-zon-ohrany-obektov-kulturnogo-naslediya/structure-20201224(vs3).json"},{"VersionNumber":3,"ReleaseNumber":108,"Source":"http://data.mos.ru/opendata/download/613/3/108","Created":"26.11.2020","Provenance":"Выпуск релиза","Valid":"10.12.2020","Structure":"https://apidata.mos.ru/v1/datasets/7705021556-granitsy-zon-ohrany-obektov-kulturnogo-naslediya/structure-20201126(vs3).json"},{"VersionNumber":3,"ReleaseNumber":107,"Source":"http://data.mos.ru/opendata/download/613/3/107","Created":"16.11.2020","Provenance":"Выпуск релиза","Valid":"30.11.2020","Structure":"https://apidata.mos.ru/v1/datasets/7705021556-granitsy-zon-ohrany-obektov-kulturnogo-naslediya/structure-20201116(vs3).json"},{"VersionNumber":3,"ReleaseNumber":106,"Source":"http://data.mos.ru/opendata/download/613/3/106","Created":"23.10.2020","Provenance":"Выпуск релиза","Valid":"06.11.2020","Structure":"https://apidata.mos.ru/v1/datasets/7705021556-granitsy-zon-ohrany-obektov-kulturnogo-naslediya/structure-20201023(vs3).json"},{"VersionNumber":3,"ReleaseNumber":105,"Source":"http://data.mos.ru/opendata/download/613/3/105","Created":"23.09.2020","Provenance":"Выпуск релиза","Valid":"07.10.2020","Structure":"https://apidata.mos.ru/v1/datasets/7705021556-granitsy-zon-ohrany-obektov-kulturnogo-naslediya/structure-20200923(vs3).json"},{"VersionNumber":3,"ReleaseNumber":104,"Source":"http://data.mos.ru/opendata/download/613/3/104","Created":"18.09.2020","Provenance":"Выпуск релиза","Valid":"02.10.2020","Structure":"https://apidata.mos.ru/v1/datasets/7705021556-granitsy-zon-ohrany-obektov-kulturnogo-naslediya/structure-20200918(vs3).json"},{"VersionNumber":3,"ReleaseNumber":103,"Source":"http://data.mos.ru/opendata/download/613/3/103","Created":"10.09.2020","Provenance":"Выпуск релиза","Valid":"24.09.2020","Structure":"https://apidata.mos.ru/v1/datasets/7705021556-granitsy-zon-ohrany-obektov-kulturnogo-naslediya/structure-20200910(vs3).json"},{"VersionNumber":3,"ReleaseNumber":102,"Source":"http://data.mos.ru/opendata/download/613/3/102","Created":"02.09.2020","Provenance":"Выпуск релиза","Valid":"16.09.2020","Structure":"https://apidata.mos.ru/v1/datasets/7705021556-granitsy-zon-ohrany-obektov-kulturnogo-naslediya/structure-20200902(vs3).json"},{"VersionNumber":3,"ReleaseNumber":101,"Source":"http://data.mos.ru/opendata/download/613/3/101","Created":"27.08.2020","Provenance":"Выпуск релиза","Valid":"10.09.2020","Structure":"https://apidata.mos.ru/v1/datasets/7705021556-granitsy-zon-ohrany-obektov-kulturnogo-naslediya/structure-20200827(vs3).json"},{"VersionNumber":3,"ReleaseNumber":100,"Source":"http://data.mos.ru/opendata/download/613/3/100","Created":"03.08.2020","Provenance":"Выпуск релиза","Valid":"17.08.2020","Structure":"https://apidata.mos.ru/v1/datasets/7705021556-granitsy-zon-ohrany-obektov-kulturnogo-naslediya/structure-20200803(vs3).json"},{"VersionNumber":3,"ReleaseNumber":99,"Source":"http://data.mos.ru/opendata/download/613/3/99","Created":"22.07.2020","Provenance":"Выпуск релиза","Valid":"05.08.2020","Structure":"https://apidata.mos.ru/v1/datasets/7705021556-granitsy-zon-ohrany-obektov-kulturnogo-naslediya/structure-20200722(vs3).json"},{"VersionNumber":3,"ReleaseNumber":98,"Source":"http://data.mos.ru/opendata/download/613/3/98","Created":"16.07.2020","Provenance":"Выпуск релиза","Valid":"30.07.2020","Structure":"https://apidata.mos.ru/v1/datasets/7705021556-granitsy-zon-ohrany-obektov-kulturnogo-naslediya/structure-20200716(vs3).json"},{"VersionNumber":3,"ReleaseNumber":97,"Source":"http://data.mos.ru/opendata/download/613/3/97","Created":"07.07.2020","Provenance":"Выпуск релиза","Valid":"21.07.2020","Structure":"https://apidata.mos.ru/v1/datasets/7705021556-granitsy-zon-ohrany-obektov-kulturnogo-naslediya/structure-20200707(vs3).json"},{"VersionNumber":3,"ReleaseNumber":96,"Source":"http://data.mos.ru/opendata/download/613/3/96","Created":"07.07.2020","Provenance":"Выпуск релиза","Valid":"21.07.2020","Structure":"https://apidata.mos.ru/v1/datasets/7705021556-granitsy-zon-ohrany-obektov-kulturnogo-naslediya/structure-20200707(vs3).json"},{"VersionNumber":3,"ReleaseNumber":95,"Source":"http://data.mos.ru/opendata/download/613/3/95","Created":"18.06.2020","Provenance":"Выпуск релиза","Valid":"02.07.2020","Structure":"https://apidata.mos.ru/v1/datasets/7705021556-granitsy-zon-ohrany-obektov-kulturnogo-naslediya/structure-20200618(vs3).json"},{"VersionNumber":3,"ReleaseNumber":94,"Source":"http://data.mos.ru/opendata/download/613/3/94","Created":"03.06.2020","Provenance":"Выпуск релиза","Valid":"17.06.2020","Structure":"https://apidata.mos.ru/v1/datasets/7705021556-granitsy-zon-ohrany-obektov-kulturnogo-naslediya/structure-20200603(vs3).json"},{"VersionNumber":3,"ReleaseNumber":93,"Source":"http://data.mos.ru/opendata/download/613/3/93","Created":"27.05.2020","Provenance":"Выпуск релиза","Valid":"10.06.2020","Structure":"https://apidata.mos.ru/v1/datasets/7705021556-granitsy-zon-ohrany-obektov-kulturnogo-naslediya/structure-20200527(vs3).json"},{"VersionNumber":3,"ReleaseNumber":92,"Source":"http://data.mos.ru/opendata/download/613/3/92","Created":"27.05.2020","Provenance":"Выпуск релиза","Valid":"10.06.2020","Structure":"https://apidata.mos.ru/v1/datasets/7705021556-granitsy-zon-ohrany-obektov-kulturnogo-naslediya/structure-20200527(vs3).json"},{"VersionNumber":3,"ReleaseNumber":91,"Source":"http://data.mos.ru/opendata/download/613/3/91","Created":"15.05.2020","Provenance":"Выпуск релиза","Valid":"29.05.2020","Structure":"https://apidata.mos.ru/v1/datasets/7705021556-granitsy-zon-ohrany-obektov-kulturnogo-naslediya/structure-20200515(vs3).json"},{"VersionNumber":3,"ReleaseNumber":90,"Source":"http://data.mos.ru/opendata/download/613/3/90","Created":"06.05.2020","Provenance":"Выпуск релиза","Valid":"20.05.2020","Structure":"https://apidata.mos.ru/v1/datasets/7705021556-granitsy-zon-ohrany-obektov-kulturnogo-naslediya/structure-20200506(vs3).json"},{"VersionNumber":3,"ReleaseNumber":89,"Source":"http://data.mos.ru/opendata/download/613/3/89","Created":"29.04.2020","Provenance":"Выпуск релиза","Valid":"13.05.2020","Structure":"https://apidata.mos.ru/v1/datasets/7705021556-granitsy-zon-ohrany-obektov-kulturnogo-naslediya/structure-20200429(vs3).json"},{"VersionNumber":3,"ReleaseNumber":88,"Source":"http://data.mos.ru/opendata/download/613/3/88","Created":"08.04.2020","Provenance":"Выпуск релиза","Valid":"22.04.2020","Structure":"https://apidata.mos.ru/v1/datasets/7705021556-granitsy-zon-ohrany-obektov-kulturnogo-naslediya/structure-20200408(vs3).json"},{"VersionNumber":3,"ReleaseNumber":87,"Source":"http://data.mos.ru/opendata/download/613/3/87","Created":"08.04.2020","Provenance":"Выпуск релиза","Valid":"22.04.2020","Structure":"https://apidata.mos.ru/v1/datasets/7705021556-granitsy-zon-ohrany-obektov-kulturnogo-naslediya/structure-20200408(vs3).json"},{"VersionNumber":3,"ReleaseNumber":86,"Source":"http://data.mos.ru/opendata/download/613/3/86","Created":"17.02.2020","Provenance":"Выпуск релиза","Valid":"02.03.2020","Structure":"https://apidata.mos.ru/v1/datasets/7705021556-granitsy-zon-ohrany-obektov-kulturnogo-naslediya/structure-20200217(vs3).json"},{"VersionNumber":3,"ReleaseNumber":85,"Source":"http://data.mos.ru/opendata/download/613/3/85","Created":"07.02.2020","Provenance":"Выпуск релиза","Valid":"21.02.2020","Structure":"https://apidata.mos.ru/v1/datasets/7705021556-granitsy-zon-ohrany-obektov-kulturnogo-naslediya/structure-20200207(vs3).json"},{"VersionNumber":3,"ReleaseNumber":84,"Source":"http://data.mos.ru/opendata/download/613/3/84","Created":"05.02.2020","Provenance":"Выпуск релиза","Valid":"19.02.2020","Structure":"https://apidata.mos.ru/v1/datasets/7705021556-granitsy-zon-ohrany-obektov-kulturnogo-naslediya/structure-20200205(vs3).json"},{"VersionNumber":3,"ReleaseNumber":83,"Source":"http://data.mos.ru/opendata/download/613/3/83","Created":"31.01.2020","Provenance":"Выпуск релиза","Valid":"14.02.2020","Structure":"https://apidata.mos.ru/v1/datasets/7705021556-granitsy-zon-ohrany-obektov-kulturnogo-naslediya/structure-20200131(vs3).json"},{"VersionNumber":3,"ReleaseNumber":82,"Source":"http://data.mos.ru/opendata/download/613/3/82","Created":"21.01.2020","Provenance":"Выпуск релиза","Valid":"04.02.2020","Structure":"https://apidata.mos.ru/v1/datasets/7705021556-granitsy-zon-ohrany-obektov-kulturnogo-naslediya/structure-20200121(vs3).json"},{"VersionNumber":3,"ReleaseNumber":81,"Source":"http://data.mos.ru/opendata/download/613/3/81","Created":"17.01.2020","Provenance":"Выпуск релиза","Valid":"31.01.2020","Structure":"https://apidata.mos.ru/v1/datasets/7705021556-granitsy-zon-ohrany-obektov-kulturnogo-naslediya/structure-20200117(vs3).json"},{"VersionNumber":3,"ReleaseNumber":80,"Source":"http://data.mos.ru/opendata/download/613/3/80","Created":"17.01.2020","Provenance":"Выпуск релиза","Valid":"31.01.2020","Structure":"https://apidata.mos.ru/v1/datasets/7705021556-granitsy-zon-ohrany-obektov-kulturnogo-naslediya/structure-20200117(vs3).json"},{"VersionNumber":3,"ReleaseNumber":79,"Source":"http://data.mos.ru/opendata/download/613/3/79","Created":"31.12.2019","Provenance":"Выпуск релиза","Valid":"14.01.2020","Structure":"https://apidata.mos.ru/v1/datasets/7705021556-granitsy-zon-ohrany-obektov-kulturnogo-naslediya/structure-20191231(vs3).json"},{"VersionNumber":3,"ReleaseNumber":78,"Source":"http://data.mos.ru/opendata/download/613/3/78","Created":"23.12.2019","Provenance":"Выпуск релиза","Valid":"06.01.2020","Structure":"https://apidata.mos.ru/v1/datasets/7705021556-granitsy-zon-ohrany-obektov-kulturnogo-naslediya/structure-20191223(vs3).json"},{"VersionNumber":3,"ReleaseNumber":77,"Source":"http://data.mos.ru/opendata/download/613/3/77","Created":"17.12.2019","Provenance":"Выпуск релиза","Valid":"31.12.2019","Structure":"https://apidata.mos.ru/v1/datasets/7705021556-granitsy-zon-ohrany-obektov-kulturnogo-naslediya/structure-20191217(vs3).json"},{"VersionNumber":3,"ReleaseNumber":76,"Source":"http://data.mos.ru/opendata/download/613/3/76","Created":"12.12.2019","Provenance":"Выпуск релиза","Valid":"26.12.2019","Structure":"https://apidata.mos.ru/v1/datasets/7705021556-granitsy-zon-ohrany-obektov-kulturnogo-naslediya/structure-20191212(vs3).json"},{"VersionNumber":3,"ReleaseNumber":75,"Source":"http://data.mos.ru/opendata/download/613/3/75","Created":"15.11.2019","Provenance":"Выпуск релиза","Valid":"29.11.2019","Structure":"https://apidata.mos.ru/v1/datasets/7705021556-granitsy-zon-ohrany-obektov-kulturnogo-naslediya/structure-20191115(vs3).json"},{"VersionNumber":3,"ReleaseNumber":74,"Source":"http://data.mos.ru/opendata/download/613/3/74","Created":"25.10.2019","Provenance":"Выпуск релиза","Valid":"08.11.2019","Structure":"https://apidata.mos.ru/v1/datasets/7705021556-granitsy-zon-ohrany-obektov-kulturnogo-naslediya/structure-20191025(vs3).json"},{"VersionNumber":3,"ReleaseNumber":73,"Source":"http://data.mos.ru/opendata/download/613/3/73","Created":"04.10.2019","Provenance":"Выпуск релиза","Valid":"18.10.2019","Structure":"https://apidata.mos.ru/v1/datasets/7705021556-granitsy-zon-ohrany-obektov-kulturnogo-naslediya/structure-20191004(vs3).json"},{"VersionNumber":3,"ReleaseNumber":72,"Source":"http://data.mos.ru/opendata/download/613/3/72","Created":"13.09.2019","Provenance":"Выпуск релиза","Valid":"27.09.2019","Structure":"https://apidata.mos.ru/v1/datasets/7705021556-granitsy-zon-ohrany-obektov-kulturnogo-naslediya/structure-20190913(vs3).json"},{"VersionNumber":3,"ReleaseNumber":71,"Source":"http://data.mos.ru/opendata/download/613/3/71","Created":"06.09.2019","Provenance":"Выпуск релиза","Valid":"20.09.2019","Structure":"https://apidata.mos.ru/v1/datasets/7705021556-granitsy-zon-ohrany-obektov-kulturnogo-naslediya/structure-20190906(vs3).json"},{"VersionNumber":3,"ReleaseNumber":70,"Source":"http://data.mos.ru/opendata/download/613/3/70","Created":"30.08.2019","Provenance":"Выпуск релиза","Valid":"13.09.2019","Structure":"https://apidata.mos.ru/v1/datasets/7705021556-granitsy-zon-ohrany-obektov-kulturnogo-naslediya/structure-20190830(vs3).json"},{"VersionNumber":3,"ReleaseNumber":69,"Source":"http://data.mos.ru/opendata/download/613/3/69","Created":"30.08.2019","Provenance":"Выпуск релиза","Valid":"13.09.2019","Structure":"https://apidata.mos.ru/v1/datasets/7705021556-granitsy-zon-ohrany-obektov-kulturnogo-naslediya/structure-20190830(vs3).json"},{"VersionNumber":3,"ReleaseNumber":68,"Source":"http://data.mos.ru/opendata/download/613/3/68","Created":"30.08.2019","Provenance":"Выпуск релиза","Valid":"13.09.2019","Structure":"https://apidata.mos.ru/v1/datasets/7705021556-granitsy-zon-ohrany-obektov-kulturnogo-naslediya/structure-20190830(vs3).json"},{"VersionNumber":3,"ReleaseNumber":67,"Source":"http://data.mos.ru/opendata/download/613/3/67","Created":"23.08.2019","Provenance":"Выпуск релиза","Valid":"06.09.2019","Structure":"https://apidata.mos.ru/v1/datasets/7705021556-granitsy-zon-ohrany-obektov-kulturnogo-naslediya/structure-20190823(vs3).json"},{"VersionNumber":3,"ReleaseNumber":66,"Source":"http://data.mos.ru/opendata/download/613/3/66","Created":"16.08.2019","Provenance":"Выпуск релиза","Valid":"30.08.2019","Structure":"https://apidata.mos.ru/v1/datasets/7705021556-granitsy-zon-ohrany-obektov-kulturnogo-naslediya/structure-20190816(vs3).json"},{"VersionNumber":3,"ReleaseNumber":65,"Source":"http://data.mos.ru/opendata/download/613/3/65","Created":"12.08.2019","Provenance":"Выпуск релиза","Valid":"26.08.2019","Structure":"https://apidata.mos.ru/v1/datasets/7705021556-granitsy-zon-ohrany-obektov-kulturnogo-naslediya/structure-20190812(vs3).json"},{"VersionNumber":3,"ReleaseNumber":64,"Source":"http://data.mos.ru/opendata/download/613/3/64","Created":"02.08.2019","Provenance":"Выпуск релиза","Valid":"16.08.2019","Structure":"https://apidata.mos.ru/v1/datasets/7705021556-granitsy-zon-ohrany-obektov-kulturnogo-naslediya/structure-20190802(vs3).json"},{"VersionNumber":3,"ReleaseNumber":63,"Source":"http://data.mos.ru/opendata/download/613/3/63","Created":"26.07.2019","Provenance":"Выпуск релиза","Valid":"09.08.2019","Structure":"https://apidata.mos.ru/v1/datasets/7705021556-granitsy-zon-ohrany-obektov-kulturnogo-naslediya/structure-20190726(vs3).json"},{"VersionNumber":3,"ReleaseNumber":62,"Source":"http://data.mos.ru/opendata/download/613/3/62","Created":"04.07.2019","Provenance":"Выпуск релиза","Valid":"18.07.2019","Structure":"https://apidata.mos.ru/v1/datasets/7705021556-granitsy-zon-ohrany-obektov-kulturnogo-naslediya/structure-20190704(vs3).json"},{"VersionNumber":3,"ReleaseNumber":61,"Source":"http://data.mos.ru/opendata/download/613/3/61","Created":"28.06.2019","Provenance":"Выпуск релиза","Valid":"12.07.2019","Structure":"https://apidata.mos.ru/v1/datasets/7705021556-granitsy-zon-ohrany-obektov-kulturnogo-naslediya/structure-20190628(vs3).json"},{"VersionNumber":3,"ReleaseNumber":60,"Source":"http://data.mos.ru/opendata/download/613/3/60","Created":"21.06.2019","Provenance":"Выпуск релиза","Valid":"05.07.2019","Structure":"https://apidata.mos.ru/v1/datasets/7705021556-granitsy-zon-ohrany-obektov-kulturnogo-naslediya/structure-20190621(vs3).json"},{"VersionNumber":3,"ReleaseNumber":59,"Source":"http://data.mos.ru/opendata/download/613/3/59","Created":"07.06.2019","Provenance":"Выпуск релиза","Valid":"21.06.2019","Structure":"https://apidata.mos.ru/v1/datasets/7705021556-granitsy-zon-ohrany-obektov-kulturnogo-naslediya/structure-20190607(vs3).json"},{"VersionNumber":3,"ReleaseNumber":58,"Source":"http://data.mos.ru/opendata/download/613/3/58","Created":"17.05.2019","Provenance":"Выпуск релиза","Valid":"31.05.2019","Structure":"https://apidata.mos.ru/v1/datasets/7705021556-granitsy-zon-ohrany-obektov-kulturnogo-naslediya/structure-20190517(vs3).json"},{"VersionNumber":3,"ReleaseNumber":57,"Source":"http://data.mos.ru/opendata/download/613/3/57","Created":"13.05.2019","Provenance":"Выпуск релиза","Valid":"27.05.2019","Structure":"https://apidata.mos.ru/v1/datasets/7705021556-granitsy-zon-ohrany-obektov-kulturnogo-naslediya/structure-20190513(vs3).json"},{"VersionNumber":3,"ReleaseNumber":56,"Source":"http://data.mos.ru/opendata/download/613/3/56","Created":"26.04.2019","Provenance":"Выпуск релиза","Valid":"10.05.2019","Structure":"https://apidata.mos.ru/v1/datasets/7705021556-granitsy-zon-ohrany-obektov-kulturnogo-naslediya/structure-20190426(vs3).json"},{"VersionNumber":3,"ReleaseNumber":55,"Source":"http://data.mos.ru/opendata/download/613/3/55","Created":"29.03.2019","Provenance":"Выпуск релиза","Valid":null,"Structure":"https://apidata.mos.ru/v1/datasets/7705021556-granitsy-zon-ohrany-obektov-kulturnogo-naslediya/structure-20190329(vs3).json"},{"VersionNumber":3,"ReleaseNumber":54,"Source":"http://data.mos.ru/opendata/download/613/3/54","Created":"04.03.2019","Provenance":"Выпуск релиза","Valid":"18.03.2019","Structure":"https://apidata.mos.ru/v1/datasets/7705021556-granitsy-zon-ohrany-obektov-kulturnogo-naslediya/structure-20190304(vs3).json"},{"VersionNumber":3,"ReleaseNumber":53,"Source":"http://data.mos.ru/opendata/download/613/3/53","Created":"21.02.2019","Provenance":"Выпуск релиза","Valid":"07.03.2019","Structure":"https://apidata.mos.ru/v1/datasets/7705021556-granitsy-zon-ohrany-obektov-kulturnogo-naslediya/structure-20190221(vs3).json"},{"VersionNumber":3,"ReleaseNumber":52,"Source":"http://data.mos.ru/opendata/download/613/3/52","Created":"14.02.2019","Provenance":"Выпуск релиза","Valid":"28.02.2019","Structure":"https://apidata.mos.ru/v1/datasets/7705021556-granitsy-zon-ohrany-obektov-kulturnogo-naslediya/structure-20190214(vs3).json"},{"VersionNumber":3,"ReleaseNumber":51,"Source":"http://data.mos.ru/opendata/download/613/3/51","Created":"18.01.2019","Provenance":"Выпуск релиза","Valid":"01.02.2019","Structure":"https://apidata.mos.ru/v1/datasets/7705021556-granitsy-zon-ohrany-obektov-kulturnogo-naslediya/structure-20190118(vs3).json"},{"VersionNumber":3,"ReleaseNumber":50,"Source":"http://data.mos.ru/opendata/download/613/3/50","Created":"18.01.2019","Provenance":"Выпуск релиза","Valid":"01.02.2019","Structure":"https://apidata.mos.ru/v1/datasets/7705021556-granitsy-zon-ohrany-obektov-kulturnogo-naslediya/structure-20190118(vs3).json"},{"VersionNumber":3,"ReleaseNumber":49,"Source":"http://data.mos.ru/opendata/download/613/3/49","Created":"03.12.2018","Provenance":"Выпуск релиза","Valid":"17.12.2018","Structure":"https://apidata.mos.ru/v1/datasets/7705021556-granitsy-zon-ohrany-obektov-kulturnogo-naslediya/structure-20181203(vs3).json"},{"VersionNumber":3,"ReleaseNumber":48,"Source":"http://data.mos.ru/opendata/download/613/3/48","Created":"02.11.2018","Provenance":"Выпуск релиза","Valid":"16.11.2018","Structure":"https://apidata.mos.ru/v1/datasets/7705021556-granitsy-zon-ohrany-obektov-kulturnogo-naslediya/structure-20181102(vs3).json"},{"VersionNumber":3,"ReleaseNumber":47,"Source":"http://data.mos.ru/opendata/download/613/3/47","Created":"28.08.2018","Provenance":"Выпуск релиза","Valid":"11.09.2018","Structure":"https://apidata.mos.ru/v1/datasets/7705021556-granitsy-zon-ohrany-obektov-kulturnogo-naslediya/structure-20180828(vs3).json"},{"VersionNumber":3,"ReleaseNumber":46,"Source":"http://data.mos.ru/opendata/download/613/3/46","Created":"27.06.2018","Provenance":"Выпуск релиза","Valid":"11.07.2018","Structure":"https://apidata.mos.ru/v1/datasets/7705021556-granitsy-zon-ohrany-obektov-kulturnogo-naslediya/structure-20180627(vs3).json"},{"VersionNumber":3,"ReleaseNumber":45,"Source":"http://data.mos.ru/opendata/download/613/3/45","Created":"18.06.2018","Provenance":"Выпуск релиза","Valid":null,"Structure":"https://apidata.mos.ru/v1/datasets/7705021556-granitsy-zon-ohrany-obektov-kulturnogo-naslediya/structure-20180618(vs3).json"},{"VersionNumber":3,"ReleaseNumber":44,"Source":"http://data.mos.ru/opendata/download/613/3/44","Created":"05.06.2018","Provenance":"Выпуск релиза","Valid":"19.06.2018","Structure":"https://apidata.mos.ru/v1/datasets/7705021556-granitsy-zon-ohrany-obektov-kulturnogo-naslediya/structure-20180605(vs3).json"},{"VersionNumber":3,"ReleaseNumber":43,"Source":"http://data.mos.ru/opendata/download/613/3/43","Created":"11.05.2018","Provenance":"Выпуск релиза","Valid":"25.05.2018","Structure":"https://apidata.mos.ru/v1/datasets/7705021556-granitsy-zon-ohrany-obektov-kulturnogo-naslediya/structure-20180511(vs3).json"},{"VersionNumber":3,"ReleaseNumber":42,"Source":"http://data.mos.ru/opendata/download/613/3/42","Created":"15.01.2018","Provenance":"Выпуск релиза","Valid":"29.01.2018","Structure":"https://apidata.mos.ru/v1/datasets/7705021556-granitsy-zon-ohrany-obektov-kulturnogo-naslediya/structure-20180115(vs3).json"},{"VersionNumber":3,"ReleaseNumber":41,"Source":"http://data.mos.ru/opendata/download/613/3/41","Created":"15.01.2018","Provenance":"Выпуск релиза","Valid":"29.01.2018","Structure":"https://apidata.mos.ru/v1/datasets/7705021556-granitsy-zon-ohrany-obektov-kulturnogo-naslediya/structure-20180115(vs3).json"},{"VersionNumber":3,"ReleaseNumber":40,"Source":"http://data.mos.ru/opendata/download/613/3/40","Created":"15.01.2018","Provenance":"Выпуск релиза","Valid":"29.01.2018","Structure":"https://apidata.mos.ru/v1/datasets/7705021556-granitsy-zon-ohrany-obektov-kulturnogo-naslediya/structure-20180115(vs3).json"},{"VersionNumber":3,"ReleaseNumber":39,"Source":"http://data.mos.ru/opendata/download/613/3/39","Created":"23.12.2017","Provenance":"Выпуск релиза","Valid":"06.01.2018","Structure":"https://apidata.mos.ru/v1/datasets/7705021556-granitsy-zon-ohrany-obektov-kulturnogo-naslediya/structure-20171223(vs3).json"},{"VersionNumber":3,"ReleaseNumber":38,"Source":"http://data.mos.ru/opendata/download/613/3/38","Created":"22.12.2017","Provenance":"Выпуск релиза","Valid":"05.01.2018","Structure":"https://apidata.mos.ru/v1/datasets/7705021556-granitsy-zon-ohrany-obektov-kulturnogo-naslediya/structure-20171222(vs3).json"},{"VersionNumber":3,"ReleaseNumber":37,"Source":"http://data.mos.ru/opendata/download/613/3/37","Created":"22.12.2017","Provenance":"Выпуск релиза","Valid":"05.01.2018","Structure":"https://apidata.mos.ru/v1/datasets/7705021556-granitsy-zon-ohrany-obektov-kulturnogo-naslediya/structure-20171222(vs3).json"},{"VersionNumber":3,"ReleaseNumber":36,"Source":"http://data.mos.ru/opendata/download/613/3/36","Created":"12.12.2017","Provenance":"Выпуск релиза","Valid":"26.12.2017","Structure":"https://apidata.mos.ru/v1/datasets/7705021556-granitsy-zon-ohrany-obektov-kulturnogo-naslediya/structure-20171212(vs3).json"},{"VersionNumber":3,"ReleaseNumber":35,"Source":"http://data.mos.ru/opendata/download/613/3/35","Created":"20.11.2017","Provenance":"Выпуск релиза","Valid":"04.12.2017","Structure":"https://apidata.mos.ru/v1/datasets/7705021556-granitsy-zon-ohrany-obektov-kulturnogo-naslediya/structure-20171120(vs3).json"},{"VersionNumber":3,"ReleaseNumber":34,"Source":"http://data.mos.ru/opendata/download/613/3/34","Created":"02.11.2017","Provenance":"Выпуск релиза","Valid":"16.11.2017","Structure":"https://apidata.mos.ru/v1/datasets/7705021556-granitsy-zon-ohrany-obektov-kulturnogo-naslediya/structure-20171102(vs3).json"},{"VersionNumber":3,"ReleaseNumber":33,"Source":"http://data.mos.ru/opendata/download/613/3/33","Created":"06.10.2017","Provenance":"Обновление данных релиза","Valid":"20.10.2017","Structure":"https://apidata.mos.ru/v1/datasets/7705021556-granitsy-zon-ohrany-obektov-kulturnogo-naslediya/structure-20171006(vs3).json"},{"VersionNumber":3,"ReleaseNumber":32,"Source":"http://data.mos.ru/opendata/download/613/3/32","Created":"29.09.2017","Provenance":"Обновление данных релиза","Valid":"13.10.2017","Structure":"https://apidata.mos.ru/v1/datasets/7705021556-granitsy-zon-ohrany-obektov-kulturnogo-naslediya/structure-20170929(vs3).json"},{"VersionNumber":3,"ReleaseNumber":31,"Source":"http://data.mos.ru/opendata/download/613/3/31","Created":"19.09.2017","Provenance":"Обновление данных релиза","Valid":"03.10.2017","Structure":"https://apidata.mos.ru/v1/datasets/7705021556-granitsy-zon-ohrany-obektov-kulturnogo-naslediya/structure-20170919(vs3).json"},{"VersionNumber":3,"ReleaseNumber":30,"Source":"http://data.mos.ru/opendata/download/613/3/30","Created":"09.08.2017","Provenance":"Обновление данных релиза","Valid":"23.08.2017","Structure":"https://apidata.mos.ru/v1/datasets/7705021556-granitsy-zon-ohrany-obektov-kulturnogo-naslediya/structure-20170809(vs3).json"},{"VersionNumber":3,"ReleaseNumber":29,"Source":"http://data.mos.ru/opendata/download/613/3/29","Created":"02.08.2017","Provenance":"Обновление данных релиза","Valid":"16.08.2017","Structure":"https://apidata.mos.ru/v1/datasets/7705021556-granitsy-zon-ohrany-obektov-kulturnogo-naslediya/structure-20170802(vs3).json"},{"VersionNumber":3,"ReleaseNumber":28,"Source":"http://data.mos.ru/opendata/download/613/3/28","Created":"18.07.2017","Provenance":"Обновление данных релиза","Valid":"01.08.2017","Structure":"https://apidata.mos.ru/v1/datasets/7705021556-granitsy-zon-ohrany-obektov-kulturnogo-naslediya/structure-20170718(vs3).json"},{"VersionNumber":3,"ReleaseNumber":27,"Source":"http://data.mos.ru/opendata/download/613/3/27","Created":"06.07.2017","Provenance":"Обновление данных релиза","Valid":"20.07.2017","Structure":"https://apidata.mos.ru/v1/datasets/7705021556-granitsy-zon-ohrany-obektov-kulturnogo-naslediya/structure-20170706(vs3).json"},{"VersionNumber":3,"ReleaseNumber":26,"Source":"http://data.mos.ru/opendata/download/613/3/26","Created":"26.06.2017","Provenance":"Обновление данных релиза","Valid":"10.07.2017","Structure":"https://apidata.mos.ru/v1/datasets/7705021556-granitsy-zon-ohrany-obektov-kulturnogo-naslediya/structure-20170626(vs3).json"},{"VersionNumber":3,"ReleaseNumber":25,"Source":"http://data.mos.ru/opendata/download/613/3/25","Created":"19.06.2017","Provenance":"Обновление данных релиза","Valid":"03.07.2017","Structure":"https://apidata.mos.ru/v1/datasets/7705021556-granitsy-zon-ohrany-obektov-kulturnogo-naslediya/structure-20170619(vs3).json"},{"VersionNumber":3,"ReleaseNumber":24,"Source":"http://data.mos.ru/opendata/download/613/3/24","Created":"06.06.2017","Provenance":"Обновление данных релиза","Valid":"20.06.2017","Structure":"https://apidata.mos.ru/v1/datasets/7705021556-granitsy-zon-ohrany-obektov-kulturnogo-naslediya/structure-20170606(vs3).json"},{"VersionNumber":3,"ReleaseNumber":23,"Source":"http://data.mos.ru/opendata/download/613/3/23","Created":"31.05.2017","Provenance":"Обновление данных релиза","Valid":"13.06.2017","Structure":"https://apidata.mos.ru/v1/datasets/7705021556-granitsy-zon-ohrany-obektov-kulturnogo-naslediya/structure-20170531(vs3).json"},{"VersionNumber":3,"ReleaseNumber":22,"Source":"http://data.mos.ru/opendata/download/613/3/22","Created":"11.05.2017","Provenance":"Обновление данных релиза","Valid":"25.05.2017","Structure":"https://apidata.mos.ru/v1/datasets/7705021556-granitsy-zon-ohrany-obektov-kulturnogo-naslediya/structure-20170511(vs3).json"},{"VersionNumber":3,"ReleaseNumber":21,"Source":"http://data.mos.ru/opendata/download/613/3/21","Created":"25.04.2017","Provenance":"Обновление данных релиза","Valid":"09.05.2017","Structure":"https://apidata.mos.ru/v1/datasets/7705021556-granitsy-zon-ohrany-obektov-kulturnogo-naslediya/structure-20170425(vs3).json"},{"VersionNumber":3,"ReleaseNumber":20,"Source":"http://data.mos.ru/opendata/download/613/3/20","Created":"11.04.2017","Provenance":"Обновление данных релиза","Valid":"25.04.2017","Structure":"https://apidata.mos.ru/v1/datasets/7705021556-granitsy-zon-ohrany-obektov-kulturnogo-naslediya/structure-20170411(vs3).json"},{"VersionNumber":3,"ReleaseNumber":19,"Source":"http://data.mos.ru/opendata/download/613/3/19","Created":"06.03.2017","Provenance":"Обновление данных релиза","Valid":"20.03.2017","Structure":"https://apidata.mos.ru/v1/datasets/7705021556-granitsy-zon-ohrany-obektov-kulturnogo-naslediya/structure-20170306(vs3).json"},{"VersionNumber":3,"ReleaseNumber":18,"Source":"http://data.mos.ru/opendata/download/613/3/18","Created":"20.02.2017","Provenance":"Обновление данных релиза","Valid":"06.03.2017","Structure":"https://apidata.mos.ru/v1/datasets/7705021556-granitsy-zon-ohrany-obektov-kulturnogo-naslediya/structure-20170220(vs3).json"},{"VersionNumber":3,"ReleaseNumber":17,"Source":"http://data.mos.ru/opendata/download/613/3/17","Created":"07.02.2017","Provenance":"Обновление данных релиза","Valid":"21.02.2017","Structure":"https://apidata.mos.ru/v1/datasets/7705021556-granitsy-zon-ohrany-obektov-kulturnogo-naslediya/structure-20170207(vs3).json"},{"VersionNumber":3,"ReleaseNumber":16,"Source":"http://data.mos.ru/opendata/download/613/3/16","Created":"23.01.2017","Provenance":"Обновление данных релиза","Valid":"06.02.2017","Structure":"https://apidata.mos.ru/v1/datasets/7705021556-granitsy-zon-ohrany-obektov-kulturnogo-naslediya/structure-20170123(vs3).json"},{"VersionNumber":3,"ReleaseNumber":15,"Source":"http://data.mos.ru/opendata/download/613/3/15","Created":"16.01.2017","Provenance":"Обновление данных релиза","Valid":"30.01.2017","Structure":"https://apidata.mos.ru/v1/datasets/7705021556-granitsy-zon-ohrany-obektov-kulturnogo-naslediya/structure-20170116(vs3).json"},{"VersionNumber":3,"ReleaseNumber":14,"Source":"http://data.mos.ru/opendata/download/613/3/14","Created":"29.12.2016","Provenance":"Обновление данных релиза","Valid":"12.01.2017","Structure":"https://apidata.mos.ru/v1/datasets/7705021556-granitsy-zon-ohrany-obektov-kulturnogo-naslediya/structure-20161229(vs3).json"},{"VersionNumber":3,"ReleaseNumber":13,"Source":"http://data.mos.ru/opendata/download/613/3/13","Created":"22.12.2016","Provenance":"Обновление данных релиза","Valid":"05.01.2017","Structure":"https://apidata.mos.ru/v1/datasets/7705021556-granitsy-zon-ohrany-obektov-kulturnogo-naslediya/structure-20161222(vs3).json"},{"VersionNumber":3,"ReleaseNumber":12,"Source":"http://data.mos.ru/opendata/download/613/3/12","Created":"14.12.2016","Provenance":"Обновление данных релиза","Valid":"28.12.2016","Structure":"https://apidata.mos.ru/v1/datasets/7705021556-granitsy-zon-ohrany-obektov-kulturnogo-naslediya/structure-20161214(vs3).json"},{"VersionNumber":3,"ReleaseNumber":11,"Source":"http://data.mos.ru/opendata/download/613/3/11","Created":"15.11.2016","Provenance":"Обновление данных релиза","Valid":"29.11.2016","Structure":"https://apidata.mos.ru/v1/datasets/7705021556-granitsy-zon-ohrany-obektov-kulturnogo-naslediya/structure-20161115(vs3).json"},{"VersionNumber":3,"ReleaseNumber":10,"Source":"http://data.mos.ru/opendata/download/613/3/10","Created":"12.10.2016","Provenance":"Обновление данных релиза","Valid":"26.10.2016","Structure":"https://apidata.mos.ru/v1/datasets/7705021556-granitsy-zon-ohrany-obektov-kulturnogo-naslediya/structure-20161012(vs3).json"},{"VersionNumber":3,"ReleaseNumber":9,"Source":"http://data.mos.ru/opendata/download/613/3/9","Created":"05.10.2016","Provenance":"Обновление данных релиза","Valid":null,"Structure":"https://apidata.mos.ru/v1/datasets/7705021556-granitsy-zon-ohrany-obektov-kulturnogo-naslediya/structure-20161005(vs3).json"},{"VersionNumber":3,"ReleaseNumber":8,"Source":"http://data.mos.ru/opendata/download/613/3/8","Created":"13.09.2016","Provenance":"Обновление данных релиза","Valid":null,"Structure":"https://apidata.mos.ru/v1/datasets/7705021556-granitsy-zon-ohrany-obektov-kulturnogo-naslediya/structure-20160913(vs3).json"},{"VersionNumber":3,"ReleaseNumber":7,"Source":"http://data.mos.ru/opendata/download/613/3/7","Created":"01.09.2016","Provenance":"Обновление данных релиза","Valid":null,"Structure":"https://apidata.mos.ru/v1/datasets/7705021556-granitsy-zon-ohrany-obektov-kulturnogo-naslediya/structure-20160901(vs3).json"},{"VersionNumber":3,"ReleaseNumber":6,"Source":"http://data.mos.ru/opendata/download/613/3/6","Created":"24.08.2016","Provenance":"Обновление данных релиза","Valid":null,"Structure":"https://apidata.mos.ru/v1/datasets/7705021556-granitsy-zon-ohrany-obektov-kulturnogo-naslediya/structure-20160824(vs3).json"},{"VersionNumber":3,"ReleaseNumber":5,"Source":"http://data.mos.ru/opendata/download/613/3/5","Created":"17.08.2016","Provenance":"Обновление данных релиза","Valid":null,"Structure":"https://apidata.mos.ru/v1/datasets/7705021556-granitsy-zon-ohrany-obektov-kulturnogo-naslediya/structure-20160817(vs3).json"},{"VersionNumber":3,"ReleaseNumber":4,"Source":"http://data.mos.ru/opendata/download/613/3/4","Created":"10.08.2016","Provenance":"Обновление данных релиза","Valid":null,"Structure":"https://apidata.mos.ru/v1/datasets/7705021556-granitsy-zon-ohrany-obektov-kulturnogo-naslediya/structure-20160810(vs3).json"},{"VersionNumber":3,"ReleaseNumber":3,"Source":"http://data.mos.ru/opendata/download/613/3/3","Created":"04.08.2016","Provenance":"Обновление данных релиза","Valid":null,"Structure":"https://apidata.mos.ru/v1/datasets/7705021556-granitsy-zon-ohrany-obektov-kulturnogo-naslediya/structure-20160804(vs3).json"},{"VersionNumber":3,"ReleaseNumber":2,"Source":"http://data.mos.ru/opendata/download/613/3/2","Created":"18.07.2016","Provenance":"Выпуск релиза","Valid":null,"Structure":"https://apidata.mos.ru/v1/datasets/7705021556-granitsy-zon-ohrany-obektov-kulturnogo-naslediya/structure-20160718(vs3).json"},{"VersionNumber":3,"ReleaseNumber":1,"Source":"http://data.mos.ru/opendata/download/613/3/1","Created":"01.02.2016","Provenance":"Выпуск релиза","Valid":null,"Structure":"https://apidata.mos.ru/v1/datasets/7705021556-granitsy-zon-ohrany-obektov-kulturnogo-naslediya/structure-20160201(vs3).json"},{"VersionNumber":2,"ReleaseNumber":1,"Source":"http://data.mos.ru/opendata/download/613/2/1","Created":"11.08.2015","Provenance":"Публикация версии","Valid":null,"Structure":"https://apidata.mos.ru/v1/datasets/7705021556-granitsy-zon-ohrany-obektov-kulturnogo-naslediya/structure-20150811(vs2).json"},{"VersionNumber":1,"ReleaseNumber":1,"Source":"http://data.mos.ru/opendata/download/613/1/1","Created":"01.02.2013","Provenance":"Cоздание версии","Valid":null,"Structure":"https://apidata.mos.ru/v1/datasets/7705021556-granitsy-zon-ohrany-obektov-kulturnogo-naslediya/structure-20130201(vs1).json"}];
